{
  "weights": [
    0.3978540132405101,
    0.3889257368304599,
    0.13302310431315617,
    0.42961257796004065,
    0.23609273533299677,
    -0.19649164418168197,
    0.2434973297400784,
    0.2861577321071008,
    0.40004515508871974,
    0.38125691318372595,
    0.3706794460482342,
    -0.1680970325130083,
    0.07117901484694641,
    0.24136021164522997,
    0.2917066506135844,
    0.066339522930314,
    0.14399627838389528,
    -0.301256819499144,
    -0.05220439448726725,
    0.03524963646827272,
    0.05841191652074553,
    0.11727117070568455,
    -0.060740637944439395,
    0.16491352733896658,
    -0.1678197109256693
  ],
  "bias": 0.439526455009562,
  "feature_count": 25,
  "feature_names": [
    "char_count",
    "word_count",
    "sentence_count",
    "avg_sentence_length",
    "avg_word_length",
    "type_token_ratio",
    "long_word_ratio",
    "rare_word_count",
    "syllable_count",
    "flesch_kincaid_grade",
    "ari",
    "question_mark_count",
    "comma_count",
    "conjunction_count",
    "preposition_count",
    "subordinate_count",
    "complexity_keyword_count",
    "simplicity_keyword_count",
    "code_keyword_count",
    "multi_part_count",
    "enumeration_request",
    "jargon_density",
    "starts_with_question_word",
    "topic_shift_count",
    "ends_with_question"
  ],
  "normalization": {
    "means": [
      103.03201451905626,
      16.004500907441017,
      1.093793103448276,
      14.646434361766483,
      5.370193018468838,
      0.9488109282850414,
      0.33812114801691473,
      3.1369147005444646,
      29.430635208711433,
      11.144493647912741,
      11.186996007259403,
      0.7176769509981851,
      0.5781488203266788,
      0.7181851179673321,
      1.3723411978221416,
      0.0949546279491833,
      0.24392014519056263,
      0.20188747731397458,
      0.06606170598911071,
      0.012849364791288566,
      0.011542649727767695,
      0.3350998185117967,
      0.5033030852994556,
      1.230344827586207,
      0.7168058076225046
    ],
    "stds": [
      60.374297052475534,
      9.08618033206306,
      0.39311860384066244,
      6.792607743282459,
      1.0862365420179723,
      0.06625862399527367,
      0.1667093619282625,
      2.779491641292066,
      17.57113511562884,
      6.382294293843364,
      7.1944037421250595,
      0.45045213522566113,
      1.0049468494550975,
      0.830541975453888,
      1.1604261685512252,
      0.3107042929394602,
      0.4953818166408798,
      0.4249523022740349,
      0.28179922929234635,
      0.11262441394186008,
      0.10681487239626611,
      0.6329821240339863,
      0.4999890895084246,
      1.577751757104702,
      0.4505499326169043
    ]
  },
  "metadata": {
    "trained_at": "2026-03-22",
    "train_accuracy": 0.9568784029038112,
    "val_accuracy": 0.9595035924232528
  }
}